City_ID,City,Country,Lat,Lng,Max Temp,Humidity,Cloudiness,Wind Speed,Date,Currrent Description
0,Ushuaia,AR,-54.8,-68.3,59.0,54,75,18.34,2020-11-01 22:45:34,broken clouds
1,Tabriz,IR,38.08,46.29,51.8,29,0,6.93,2020-11-01 22:40:41,clear sky
2,Chokurdakh,RU,70.63,147.92,0.21,94,100,10.96,2020-11-01 22:45:34,light snow
3,Beringovskiy,RU,63.05,179.32,24.13,95,100,2.98,2020-11-01 22:45:35,overcast clouds
4,Faanui,PF,-16.48,-151.75,80.26,79,27,20.31,2020-11-01 22:45:35,light rain
5,Nau,TJ,40.15,69.37,42.8,70,100,4.47,2020-11-01 22:45:35,overcast clouds
6,Haines Junction,CA,60.75,-137.51,14.0,56,100,2.24,2020-11-01 22:45:35,overcast clouds
7,Basco,PH,20.45,121.97,79.9,81,100,29.71,2020-11-01 22:45:36,overcast clouds
8,East London,ZA,-33.02,27.91,65.43,83,73,14.47,2020-11-01 22:45:36,light rain
9,Bengkulu,ID,-3.8,102.27,75.45,88,99,4.56,2020-11-01 22:45:36,overcast clouds
10,The Valley,AI,18.22,-63.06,82.99,74,40,16.11,2020-11-01 22:45:36,scattered clouds
11,Olinda,BR,-8.01,-34.86,80.6,74,40,5.82,2020-11-01 22:45:36,scattered clouds
12,Bridlington,GB,54.08,-0.19,64.4,77,100,24.16,2020-11-01 22:45:37,overcast clouds
13,Bulaevo,KZ,54.91,70.44,33.31,91,91,10.04,2020-11-01 22:45:37,overcast clouds
14,Rikitea,PF,-23.12,-134.97,74.62,85,86,22.84,2020-11-01 22:45:37,light rain
15,Vaini,TO,-21.2,-175.2,78.8,78,75,12.75,2020-11-01 22:45:37,broken clouds
16,Bairnsdale,AU,-37.83,147.62,66.0,81,92,1.01,2020-11-01 22:45:38,overcast clouds
17,Daru,PG,-9.08,143.21,84.61,74,92,13.58,2020-11-01 22:45:38,overcast clouds
18,Barrow,US,71.29,-156.79,28.4,79,90,19.46,2020-11-01 22:45:31,light snow
19,Arraial Do Cabo,BR,-22.97,-42.03,69.04,75,74,18.9,2020-11-01 22:45:39,broken clouds
20,Sao Filipe,CV,14.9,-24.5,79.21,76,75,11.48,2020-11-01 22:45:39,broken clouds
21,Tuktoyaktuk,CA,69.45,-133.04,12.2,92,90,17.22,2020-11-01 22:45:39,light snow
22,Clyde River,CA,70.47,-68.59,12.2,85,40,8.05,2020-11-01 22:45:39,scattered clouds
23,Jamestown,US,42.1,-79.24,34.0,97,90,16.11,2020-11-01 22:45:40,overcast clouds
24,Hobart,AU,-42.88,147.33,64.99,72,75,10.29,2020-11-01 22:45:40,broken clouds
25,Hilo,US,19.73,-155.09,86.0,58,40,6.93,2020-11-01 22:42:05,scattered clouds
26,Taltal,CL,-25.4,-70.48,59.83,69,21,5.84,2020-11-01 22:45:40,few clouds
27,Cherskiy,RU,68.75,161.3,2.17,93,99,4.9,2020-11-01 22:45:40,overcast clouds
28,Katsuura,JP,35.13,140.3,60.8,77,75,5.82,2020-11-01 22:43:22,broken clouds
29,Muroto,JP,33.28,134.15,62.6,100,75,3.36,2020-11-01 22:45:41,shower rain
30,Albany,US,42.6,-73.97,46.99,86,97,6.76,2020-11-01 22:41:06,light rain
31,Kruisfontein,ZA,-34.0,24.73,64.0,82,26,3.0,2020-11-01 22:45:32,scattered clouds
32,Kavieng,PG,-2.57,150.8,85.69,67,1,5.75,2020-11-01 22:45:42,clear sky
33,New Norfolk,AU,-42.78,147.06,64.99,64,100,1.01,2020-11-01 22:45:42,overcast clouds
34,Rabo De Peixe,PT,37.8,-25.58,62.6,82,75,23.04,2020-11-01 22:45:43,light intensity shower rain
35,Boulder City,US,35.98,-114.83,84.2,7,1,9.17,2020-11-01 22:41:40,clear sky
36,Constitucion,CL,-35.33,-72.42,54.3,85,61,6.38,2020-11-01 22:42:17,broken clouds
37,Shache,CN,38.42,77.24,33.66,85,0,3.24,2020-11-01 22:45:44,clear sky
38,Dezful,IR,32.38,48.41,62.73,40,2,3.87,2020-11-01 22:45:44,clear sky
39,Busselton,AU,-33.65,115.33,57.99,77,72,5.37,2020-11-01 22:42:16,light rain
40,Saint-Georges,GD,12.06,-61.75,77.0,94,75,19.46,2020-11-01 22:45:45,light rain
41,Bahia Blanca,AR,-38.72,-62.27,70.65,33,20,9.57,2020-11-01 22:45:45,few clouds
42,Adrar,MR,20.5,-10.07,79.9,17,100,9.46,2020-11-01 22:41:49,overcast clouds
43,Khatanga,RU,71.97,102.5,5.32,95,99,6.17,2020-11-01 22:42:47,overcast clouds
44,Saldanha,ZA,-33.01,17.94,66.2,63,0,3.36,2020-11-01 22:45:46,clear sky
45,Nikolskoye,RU,59.7,30.79,33.8,100,90,8.95,2020-11-01 22:45:47,overcast clouds
46,Mataura,NZ,-46.19,168.86,54.0,70,50,11.01,2020-11-01 22:45:47,scattered clouds
47,Husavik,IS,66.04,-17.34,37.4,55,90,5.82,2020-11-01 22:45:47,light rain
48,Kaitangata,NZ,-46.28,169.85,54.0,68,51,8.01,2020-11-01 22:45:48,broken clouds
49,Akdepe,TM,42.06,59.38,42.8,45,0,6.93,2020-11-01 22:45:48,clear sky
50,Xapuri,BR,-10.65,-68.5,77.58,55,50,2.55,2020-11-01 22:45:49,scattered clouds
51,Baculin,PH,7.45,126.58,82.35,67,98,3.15,2020-11-01 22:45:49,overcast clouds
52,Saskylakh,RU,71.92,114.08,-10.08,88,75,10.36,2020-11-01 22:45:49,broken clouds
53,Torbay,CA,47.67,-52.73,37.99,80,20,10.29,2020-11-01 22:45:37,few clouds
54,Punta Arenas,CL,-53.15,-70.92,53.6,76,75,11.41,2020-11-01 22:43:23,broken clouds
55,Yen Bai,VN,21.7,104.87,73.92,83,100,0.38,2020-11-01 22:45:50,overcast clouds
56,Bambous Virieux,MU,-20.34,57.76,69.8,68,40,9.17,2020-11-01 22:41:50,scattered clouds
57,Thompson,CA,55.74,-97.86,24.8,85,75,9.17,2020-11-01 22:45:50,broken clouds
58,Bluff,NZ,-46.6,168.33,54.0,70,91,11.01,2020-11-01 22:45:50,overcast clouds
59,Avarua,CK,-21.21,-159.78,78.8,83,71,13.87,2020-11-01 22:45:51,light rain
60,Chuy,UY,-33.7,-53.46,54.01,79,0,6.31,2020-11-01 22:43:55,clear sky
61,Proletariy,RU,58.43,31.7,33.55,92,0,6.62,2020-11-01 22:45:51,clear sky
62,Kuhdasht,IR,33.53,47.61,46.35,55,77,1.99,2020-11-01 22:45:52,broken clouds
63,Puerto Ayora,EC,-0.74,-90.35,71.01,89,83,5.99,2020-11-01 22:45:52,broken clouds
64,Bubaque,GW,11.28,-15.83,83.44,78,0,15.3,2020-11-01 22:45:52,clear sky
65,Kodiak,US,57.79,-152.41,32.0,85,90,10.29,2020-11-01 22:45:52,overcast clouds
66,Butaritari,KI,3.07,172.79,81.97,76,23,10.76,2020-11-01 22:45:53,few clouds
67,Walvis Bay,NA,-22.96,14.51,55.4,87,59,9.17,2020-11-01 22:45:53,broken clouds
68,Brokopondo,SR,4.75,-55.17,77.38,91,99,18.01,2020-11-01 22:45:53,moderate rain
69,Ponta Do Sol,PT,32.67,-17.1,69.01,72,20,4.7,2020-11-01 22:42:08,few clouds
70,Geraldton,AU,-28.77,114.6,57.2,93,90,6.93,2020-11-01 22:45:54,overcast clouds
71,Nizwa,OM,22.93,57.53,59.88,33,0,2.17,2020-11-01 22:45:54,clear sky
72,Victoria,HK,22.29,114.16,75.0,69,76,1.01,2020-11-01 22:43:54,broken clouds
73,Atchison,US,39.56,-95.12,51.8,25,1,8.05,2020-11-01 22:45:55,clear sky
74,Komsomolskiy,UZ,40.43,71.72,46.4,36,100,4.7,2020-11-01 22:45:55,overcast clouds
75,Upernavik,GL,72.79,-56.15,16.47,92,97,3.74,2020-11-01 22:45:55,overcast clouds
76,Atuona,PF,-9.8,-139.03,77.47,79,68,15.12,2020-11-01 22:45:55,light rain
77,Berlevag,NO,70.86,29.09,39.2,86,0,25.28,2020-11-01 22:45:56,clear sky
78,Yumen,CN,40.28,97.2,26.8,89,0,1.68,2020-11-01 22:45:56,clear sky
79,San Quintin,MX,30.48,-115.95,74.75,46,0,9.51,2020-11-01 22:45:56,clear sky
80,Tiksi,RU,71.69,128.87,-4.99,89,0,6.91,2020-11-01 22:45:57,clear sky
81,Hithadhoo,MV,-0.6,73.08,83.34,74,100,9.42,2020-11-01 22:45:57,overcast clouds
82,Evanston,US,42.04,-87.69,39.99,38,1,19.46,2020-11-01 22:43:34,clear sky
83,Mount Gambier,AU,-37.83,140.77,60.8,82,56,9.17,2020-11-01 22:45:57,broken clouds
84,Dunedin,NZ,-45.87,170.5,55.99,56,74,17.0,2020-11-01 22:45:58,broken clouds
85,Cidreira,BR,-30.18,-50.21,62.53,66,15,7.09,2020-11-01 22:45:45,few clouds
86,Kapaa,US,22.08,-159.32,82.4,74,20,13.87,2020-11-01 22:45:53,few clouds
87,Bonavista,CA,48.65,-53.11,37.99,74,4,8.05,2020-11-01 22:45:59,clear sky
88,Xining,CN,36.62,101.77,29.68,82,13,2.3,2020-11-01 22:45:59,few clouds
89,Hami,CN,42.8,93.45,37.11,66,0,5.39,2020-11-01 22:45:59,clear sky
90,Touros,BR,-5.2,-35.46,80.6,78,40,12.75,2020-11-01 22:46:00,scattered clouds
91,Ndende,GA,-2.4,11.36,72.54,96,91,1.3,2020-11-01 22:46:00,overcast clouds
92,Dikson,RU,73.51,80.55,18.55,98,99,9.01,2020-11-01 22:46:01,overcast clouds
93,Egvekinot,RU,66.32,-179.17,11.37,89,29,1.92,2020-11-01 22:46:01,scattered clouds
94,Tautira,PF,-17.73,-149.15,82.4,69,75,10.29,2020-11-01 22:46:01,broken clouds
95,Mehamn,NO,71.04,27.85,41.0,86,0,25.28,2020-11-01 22:45:56,clear sky
96,Te Anau,NZ,-45.42,167.72,55.76,48,90,0.89,2020-11-01 22:45:34,overcast clouds
97,Fortuna,US,40.6,-124.16,66.99,63,1,8.05,2020-11-01 22:42:57,clear sky
98,Seymchan,RU,62.88,152.43,13.68,94,100,1.66,2020-11-01 22:46:02,light snow
99,Qaanaaq,GL,77.48,-69.36,2.66,74,0,7.16,2020-11-01 22:46:02,clear sky
100,Rostovka,RU,55.38,71.89,32.54,94,92,10.33,2020-11-01 22:46:02,overcast clouds
101,Nanakuli,US,21.39,-158.15,84.2,62,90,8.05,2020-11-01 22:46:03,overcast clouds
102,Anadyr,RU,64.75,177.48,15.8,85,75,4.16,2020-11-01 22:46:03,light snow
103,Castro,BR,-24.79,-50.01,52.79,91,22,8.28,2020-11-01 22:42:05,few clouds
104,Lavrentiya,RU,65.58,-171.0,22.73,87,9,4.21,2020-11-01 22:46:03,clear sky
105,Kaputa,ZM,-8.47,29.66,73.87,64,67,3.44,2020-11-01 22:46:05,broken clouds
106,Sao Miguel Do Araguaia,BR,-13.28,-50.16,78.55,72,100,2.91,2020-11-01 22:46:05,light rain
107,Hereford,GB,52.06,-2.71,62.01,94,100,7.0,2020-11-01 22:46:06,overcast clouds
108,Saint-Paul,RE,-21.01,55.27,66.0,72,0,6.93,2020-11-01 22:46:06,clear sky
109,Guymon,US,36.68,-101.48,68.0,28,1,19.46,2020-11-01 22:46:06,clear sky
110,Hermanus,ZA,-34.42,19.23,64.0,83,13,7.0,2020-11-01 22:46:06,few clouds
111,Los Llanos De Aridane,ES,28.66,-17.92,75.2,31,0,9.17,2020-11-01 22:46:06,clear sky
112,Sao Domingos,BR,-13.4,-46.32,74.98,78,89,3.53,2020-11-01 22:46:07,light rain
113,Cape Town,ZA,-33.93,18.42,66.99,72,0,8.05,2020-11-01 22:46:07,clear sky
114,Thanh Hoa,VN,19.8,105.77,71.71,92,98,2.98,2020-11-01 22:46:08,overcast clouds
115,College,US,64.86,-147.8,3.99,70,75,1.48,2020-11-01 22:46:08,broken clouds
116,Batagay-Alyta,RU,67.8,130.41,-10.16,85,84,1.7,2020-11-01 22:46:07,broken clouds
117,Lebu,CL,-37.62,-73.65,54.54,90,69,7.09,2020-11-01 22:42:23,broken clouds
118,Rosarito,MX,32.33,-117.03,82.4,24,1,8.05,2020-11-01 22:46:09,clear sky
119,Malakal,SS,9.53,31.66,74.62,80,10,3.6,2020-11-01 22:46:09,clear sky
120,Nouadhibou,MR,20.93,-17.03,78.8,41,100,13.87,2020-11-01 22:46:09,overcast clouds
121,Yellowknife,CA,62.46,-114.35,16.0,85,90,14.99,2020-11-01 22:43:33,light snow
122,San Felipe,VE,10.34,-68.74,75.25,88,89,1.97,2020-11-01 22:46:10,overcast clouds
123,Bangkalan,ID,-7.05,112.74,78.87,82,97,4.14,2020-11-01 22:46:10,overcast clouds
124,Okhotsk,RU,59.38,143.3,19.54,87,100,17.6,2020-11-01 22:46:11,overcast clouds
125,Leningradskiy,RU,69.38,178.42,15.48,82,85,5.66,2020-11-01 22:46:11,overcast clouds
126,Hobyo,SO,5.35,48.53,80.13,76,0,2.73,2020-11-01 22:46:11,light rain
127,Phangnga,TH,8.45,98.53,81.0,94,20,2.24,2020-11-01 22:46:12,few clouds
128,South Lake Tahoe,US,38.93,-119.98,73.99,20,1,4.7,2020-11-01 22:46:12,clear sky
129,Guntakal,IN,15.17,77.38,70.93,72,0,2.42,2020-11-01 22:46:12,clear sky
130,Wanning,CN,18.8,110.4,70.48,86,96,8.25,2020-11-01 22:46:12,light rain
131,Saint-Philippe,RE,-21.36,55.77,69.8,60,75,8.05,2020-11-01 22:45:35,broken clouds
132,Laguna,US,38.42,-121.42,81.0,22,1,4.7,2020-11-01 22:43:42,clear sky
133,Severo-Kurilsk,RU,50.68,156.12,42.73,71,1,8.97,2020-11-01 22:46:13,clear sky
134,Moose Factory,CA,51.26,-80.61,28.4,79,90,21.92,2020-11-01 22:46:14,overcast clouds
135,Hervey Bay,AU,-25.3,152.85,78.01,79,0,8.01,2020-11-01 22:46:15,clear sky
136,Fort Nelson,CA,58.81,-122.7,15.8,78,90,10.29,2020-11-01 22:45:05,light snow
137,French Harbor,HN,16.35,-86.43,80.6,94,90,17.22,2020-11-01 22:46:15,shower rain
138,Benguela,AO,-12.58,13.41,77.22,81,39,3.89,2020-11-01 22:46:16,scattered clouds
139,Havoysund,NO,71.0,24.66,41.0,81,0,16.11,2020-11-01 22:46:16,clear sky
140,Georgetown,MY,5.41,100.34,78.8,88,20,3.36,2020-11-01 22:45:49,thunderstorm
141,Zhezkazgan,KZ,47.8,67.71,36.88,63,34,2.01,2020-11-01 22:46:16,scattered clouds
142,Boa Esperanca,BR,-21.09,-45.57,62.02,84,31,9.66,2020-11-01 22:46:17,scattered clouds
143,Betong,TH,5.77,101.07,71.24,93,100,1.14,2020-11-01 22:46:17,overcast clouds
144,San Isidro,PE,-12.12,-77.05,66.2,72,90,11.41,2020-11-01 22:46:17,overcast clouds
145,Riva,US,38.95,-76.58,57.99,91,65,1.01,2020-11-01 22:46:17,broken clouds
146,Pevek,RU,69.7,170.31,15.24,93,98,11.5,2020-11-01 22:46:18,overcast clouds
147,Morant Bay,JM,17.88,-76.41,79.0,94,75,24.16,2020-11-01 22:46:18,shower rain
148,Yulara,AU,-25.24,130.99,78.8,15,26,9.17,2020-11-01 22:46:18,scattered clouds
149,Kiunga,PG,-6.12,141.29,76.93,96,98,0.47,2020-11-01 22:46:18,overcast clouds
150,Syracuse,IT,37.09,15.28,60.01,93,0,5.82,2020-11-01 22:46:19,clear sky
151,Flinders,AU,-34.58,150.86,68.0,71,75,5.01,2020-11-01 22:46:19,broken clouds
152,Bredasdorp,ZA,-34.53,20.04,64.4,88,47,10.29,2020-11-01 22:46:19,scattered clouds
153,Port Alfred,ZA,-33.59,26.89,64.87,86,26,18.48,2020-11-01 22:46:19,scattered clouds
154,Altona,DE,53.55,9.93,61.0,93,100,12.75,2020-11-01 22:46:20,light rain
155,Atar,MR,20.52,-13.05,81.88,17,100,6.89,2020-11-01 22:46:20,overcast clouds
156,Sept-Iles,CA,50.2,-66.38,37.4,69,100,5.82,2020-11-01 22:46:20,overcast clouds
157,Cayenne,GF,4.93,-52.33,80.6,94,97,2.24,2020-11-01 22:46:20,moderate rain
158,Lufilufi,WS,-13.87,-171.6,87.8,70,75,4.7,2020-11-01 22:46:21,broken clouds
159,Nongan,CN,44.38,125.17,26.6,63,0,6.71,2020-11-01 22:46:21,clear sky
160,Caravelas,BR,-17.71,-39.25,71.02,84,100,9.98,2020-11-01 22:46:21,overcast clouds
161,Havre-Saint-Pierre,CA,50.23,-63.6,39.2,86,90,13.87,2020-11-01 22:46:21,overcast clouds
162,Sur,OM,22.57,59.53,70.23,33,0,4.76,2020-11-01 22:46:22,clear sky
163,Beloha,MG,-25.17,45.05,66.81,80,16,16.96,2020-11-01 22:46:22,few clouds
164,Sitka,US,57.05,-135.33,46.4,87,90,5.82,2020-11-01 22:46:22,mist
165,Saint-Augustin,CA,51.23,-58.65,36.95,88,83,23.55,2020-11-01 22:43:05,broken clouds
166,Shimoda,JP,34.67,138.95,57.99,81,24,1.99,2020-11-01 22:46:22,few clouds
167,San Jeronimo,PE,-11.95,-75.28,57.67,58,46,3.56,2020-11-01 22:46:23,light rain
168,Margate,GB,51.38,1.39,63.0,88,100,13.0,2020-11-01 22:46:23,overcast clouds
169,Aklavik,CA,68.22,-135.01,10.4,85,99,2.24,2020-11-01 22:42:09,overcast clouds
170,Luanda,AO,-8.84,13.23,77.0,88,75,5.82,2020-11-01 22:41:32,broken clouds
171,Melioratorov,RU,57.21,65.61,24.8,92,0,4.47,2020-11-01 22:46:24,clear sky
172,Westport,US,41.14,-73.36,54.0,97,100,4.43,2020-11-01 22:46:24,light rain
173,Skibbereen,IE,51.55,-9.27,57.2,100,75,26.4,2020-11-01 22:46:25,light intensity drizzle
174,Alofi,NU,-19.06,-169.92,78.8,83,75,13.87,2020-11-01 22:46:25,broken clouds
175,Northglenn,US,39.89,-104.99,64.99,27,20,6.93,2020-11-01 22:41:36,few clouds
176,Asau,RO,46.43,26.4,37.99,93,2,5.84,2020-11-01 22:46:25,clear sky
177,Moosomin,CA,50.13,-101.67,39.61,67,32,11.54,2020-11-01 22:46:26,scattered clouds
178,Mar Del Plata,AR,-38.0,-57.56,60.8,67,0,8.05,2020-11-01 22:46:26,clear sky
179,Nola,IT,40.92,14.53,61.0,82,75,2.24,2020-11-01 22:46:26,broken clouds
180,Luderitz,NA,-26.65,15.16,64.71,55,61,11.81,2020-11-01 22:46:26,broken clouds
181,Shingu,JP,33.73,135.98,63.7,78,4,2.93,2020-11-01 22:46:27,clear sky
182,Russell,US,32.35,-85.2,73.4,49,1,9.17,2020-11-01 22:45:05,clear sky
183,Sorland,NO,67.67,12.69,50.32,78,100,25.55,2020-11-01 22:46:27,overcast clouds
184,Tucuman,AR,-26.82,-65.22,84.2,23,0,10.29,2020-11-01 22:46:28,clear sky
185,Celestun,MX,20.87,-90.4,77.4,78,23,18.03,2020-11-01 22:46:28,few clouds
186,Faya,SA,18.39,42.45,60.8,30,0,1.81,2020-11-01 22:46:29,clear sky
187,Narsaq,GL,60.92,-46.05,21.2,73,0,4.7,2020-11-01 22:46:02,clear sky
188,Hornepayne,CA,49.21,-84.77,21.2,89,100,14.76,2020-11-01 22:46:29,overcast clouds
189,Carnarvon,AU,-24.87,113.63,68.0,72,40,16.11,2020-11-01 22:41:52,scattered clouds
190,Cabo San Lucas,MX,22.89,-109.91,88.0,35,30,4.0,2020-11-01 22:44:01,scattered clouds
191,Itoman,JP,26.12,127.67,71.6,83,20,1.12,2020-11-01 22:46:30,few clouds
192,Urumqi,CN,43.8,87.6,35.6,59,0,6.71,2020-11-01 22:46:30,clear sky
193,Yenagoa,NG,4.92,6.26,76.06,93,99,3.24,2020-11-01 22:46:30,overcast clouds
194,Zolochiv,UA,49.81,24.89,32.0,87,0,2.24,2020-11-01 22:46:31,mist
195,Athabasca,CA,54.72,-113.29,57.2,54,23,6.93,2020-11-01 22:41:59,few clouds
196,Deputatskiy,RU,69.3,139.9,-15.83,88,56,6.51,2020-11-01 22:46:31,broken clouds
197,Albertville,US,34.27,-86.21,66.2,36,1,14.99,2020-11-01 22:46:32,clear sky
198,Naze,JP,28.37,129.48,73.4,94,40,11.41,2020-11-01 22:46:32,scattered clouds
199,Kimbe,PG,-5.55,150.14,86.85,64,4,2.17,2020-11-01 22:46:32,light rain
200,Ola,RU,59.58,151.28,30.06,93,99,8.32,2020-11-01 22:44:28,overcast clouds
201,Mahajanga,MG,-15.72,46.32,75.2,73,20,2.24,2020-11-01 22:46:33,few clouds
202,Katangli,RU,51.71,143.23,43.84,96,100,13.31,2020-11-01 22:46:33,overcast clouds
203,Airai,TL,-8.93,125.41,68.5,67,67,2.64,2020-11-01 22:46:34,broken clouds
204,Lashma,RU,54.93,41.14,42.82,94,100,6.49,2020-11-01 22:46:34,overcast clouds
205,Bathsheba,BB,13.22,-59.52,82.4,78,40,23.04,2020-11-01 22:46:34,shower rain
206,Valparaiso,CL,-33.04,-71.63,57.2,71,0,5.82,2020-11-01 22:46:24,clear sky
207,San Cristobal,VE,7.77,-72.22,82.4,74,40,6.93,2020-11-01 22:45:08,scattered clouds
208,Doha,QA,25.29,51.53,78.8,61,0,3.36,2020-11-01 22:46:35,clear sky
209,Pacific Grove,US,36.62,-121.92,66.2,59,1,5.82,2020-11-01 22:42:20,clear sky
210,Huarmey,PE,-10.07,-78.15,64.45,76,100,8.21,2020-11-01 22:46:35,overcast clouds
211,Maiduguri,NG,11.85,13.16,76.8,28,30,7.99,2020-11-01 22:46:36,scattered clouds
212,Zhigansk,RU,66.77,123.37,-0.63,92,88,18.9,2020-11-01 22:45:36,overcast clouds
213,Saint George,US,37.1,-113.58,80.01,10,1,3.71,2020-11-01 22:46:05,clear sky
214,Kitui,KE,-1.37,38.01,65.5,92,39,7.83,2020-11-01 22:46:37,light rain
215,Quatre Cocos,MU,-20.21,57.76,69.8,68,40,9.17,2020-11-01 22:46:37,scattered clouds
216,Coquimbo,CL,-29.95,-71.34,55.4,82,75,12.75,2020-11-01 22:41:51,broken clouds
217,Mantua,IT,45.17,10.78,55.0,96,27,1.99,2020-11-01 22:46:37,scattered clouds
218,Saint Anthony,US,45.02,-93.22,37.4,29,1,10.29,2020-11-01 22:46:30,clear sky
219,Kilindoni,TZ,-7.91,39.67,78.3,79,29,10.18,2020-11-01 22:46:42,scattered clouds
220,Vanavara,RU,60.34,102.28,16.12,96,100,10.58,2020-11-01 22:46:42,light snow
221,Rincon,US,32.3,-81.24,71.6,60,75,11.41,2020-11-01 22:44:29,broken clouds
222,Sibolga,ID,1.74,98.78,75.97,84,100,2.13,2020-11-01 22:46:42,overcast clouds
223,Ndioum,SN,16.51,-14.65,86.0,35,0,2.24,2020-11-01 22:46:43,clear sky
224,San Patricio,US,28.02,-97.52,80.6,39,20,14.99,2020-11-01 22:45:48,few clouds
225,Danilov,RU,58.19,40.17,35.6,80,90,6.71,2020-11-01 22:46:43,overcast clouds
226,Bethel,US,41.37,-73.41,52.0,93,90,4.7,2020-11-01 22:45:58,mist
227,Itamarandiba,BR,-17.86,-42.86,63.07,98,89,3.09,2020-11-01 22:46:43,overcast clouds
228,Iqaluit,CA,63.75,-68.51,12.2,85,75,4.7,2020-11-01 22:42:59,light snow
229,Amga,RU,60.9,131.96,-14.49,88,46,1.59,2020-11-01 22:46:44,scattered clouds
230,Hambantota,LK,6.12,81.12,77.0,100,40,1.12,2020-11-01 22:46:44,scattered clouds
231,Balkanabat,TM,39.51,54.37,68.67,28,0,4.18,2020-11-01 22:46:44,clear sky
232,Kranea Elassonos,GR,39.95,21.97,55.0,81,45,4.7,2020-11-01 22:46:45,light rain
233,Bushehr,IR,28.97,50.84,73.04,52,0,3.74,2020-11-01 22:46:45,clear sky
234,Tromso,NO,69.65,18.96,35.6,80,0,26.4,2020-11-01 22:46:45,clear sky
235,Lata,PT,40.16,-8.33,66.0,93,97,0.69,2020-11-01 22:46:45,overcast clouds
236,Ancud,CL,-41.87,-73.82,60.01,72,57,6.93,2020-11-01 22:46:46,broken clouds
237,Maldonado,UY,-34.67,-54.92,62.6,72,0,2.24,2020-11-01 22:46:46,clear sky
238,Longyearbyen,SJ,78.22,15.64,33.8,69,0,31.09,2020-11-01 22:45:49,clear sky
239,Mahibadhoo,MV,3.78,72.97,81.88,73,73,5.77,2020-11-01 22:43:29,broken clouds
240,Ahipara,NZ,-35.17,173.17,71.15,65,100,7.99,2020-11-01 22:46:47,overcast clouds
241,Tasiilaq,GL,65.61,-37.64,26.6,86,70,9.17,2020-11-01 22:46:47,broken clouds
242,Miri,MY,4.41,114.01,77.0,88,40,5.82,2020-11-01 22:46:47,scattered clouds
243,Chowchilla,US,37.12,-120.26,82.0,24,1,6.93,2020-11-01 22:46:48,haze
244,Carquefou,FR,47.3,-1.49,64.4,88,0,16.11,2020-11-01 22:46:48,clear sky
245,Kamaishi,JP,39.27,141.88,61.59,75,100,12.75,2020-11-01 22:42:19,light rain
246,Karratha,AU,-20.74,116.85,74.03,64,97,11.86,2020-11-01 22:46:49,overcast clouds
247,Bilma,NE,18.69,12.92,70.45,25,0,6.22,2020-11-01 22:46:49,clear sky
248,Awbari,LY,26.59,12.78,60.04,55,0,5.5,2020-11-01 22:46:49,clear sky
249,Hailey,US,43.52,-114.32,62.6,20,5,9.17,2020-11-01 22:46:50,clear sky
250,Mae Sai,TH,20.43,99.88,71.6,100,0,1.19,2020-11-01 22:46:50,mist
251,Kavaratti,IN,10.57,72.64,80.92,72,0,2.95,2020-11-01 22:46:50,clear sky
252,Jhawarian,PK,32.36,72.62,65.59,23,0,1.25,2020-11-01 22:46:50,clear sky
253,Tamandare,BR,-8.76,-35.1,77.81,83,55,10.29,2020-11-01 22:46:50,broken clouds
254,Kahului,US,20.89,-156.47,89.6,52,40,12.75,2020-11-01 22:44:34,scattered clouds
255,Igrim,RU,63.19,64.42,28.08,96,57,8.01,2020-11-01 22:46:51,broken clouds
256,Kirkuk,IQ,35.47,44.39,69.08,23,34,10.02,2020-11-01 22:46:51,scattered clouds
257,Olafsvik,IS,64.89,-23.71,36.79,81,52,17.0,2020-11-01 22:46:51,light rain
258,Palana,RU,59.12,159.97,31.15,92,100,6.51,2020-11-01 22:46:52,overcast clouds
259,Tutoia,BR,-2.76,-42.27,80.74,81,42,11.01,2020-11-01 22:46:32,scattered clouds
260,Pontianak,ID,-0.03,109.33,76.78,91,100,2.1,2020-11-01 22:46:52,light rain
261,Tsuyama,JP,35.05,134.0,60.8,100,75,3.36,2020-11-01 22:46:52,shower rain
262,Coolum Beach,AU,-26.53,153.1,75.99,70,16,7.0,2020-11-01 22:46:53,few clouds
263,Port Hedland,AU,-20.32,118.57,75.2,78,75,8.05,2020-11-01 22:46:53,broken clouds
264,Sola,VU,-13.88,167.55,80.98,82,67,18.12,2020-11-01 22:46:53,broken clouds
265,Mumford,GH,5.26,-0.76,78.94,88,100,9.55,2020-11-01 22:46:53,overcast clouds
266,Bardiyah,LY,31.76,25.09,68.13,60,7,6.2,2020-11-01 22:46:54,clear sky
267,Rocha,UY,-34.48,-54.33,51.1,85,0,3.36,2020-11-01 22:46:26,clear sky
268,Hastings,GB,50.86,0.57,61.0,100,100,29.97,2020-11-01 22:46:54,overcast clouds
269,Kolda,SN,12.88,-14.95,79.59,41,0,3.78,2020-11-01 22:46:54,clear sky
270,Amahai,ID,-3.33,128.92,84.0,93,100,2.71,2020-11-01 22:46:55,light rain
271,Dudinka,RU,69.41,86.18,21.2,85,99,13.42,2020-11-01 22:46:55,light snow
272,Portland,US,45.52,-122.68,66.99,39,1,10.29,2020-11-01 22:45:08,clear sky
273,Bull Savanna,JM,17.89,-77.59,75.06,92,100,14.27,2020-11-01 22:46:55,overcast clouds
274,Riachao Das Neves,BR,-11.75,-44.91,74.62,79,95,5.35,2020-11-01 22:46:55,light rain
275,Pagudpud,PH,18.56,120.79,80.6,88,75,9.17,2020-11-01 22:46:56,light rain
276,Kukuna,SL,9.4,-12.67,75.36,94,3,4.12,2020-11-01 22:46:56,light rain
277,Nome,US,64.5,-165.41,19.99,73,1,4.16,2020-11-01 22:46:56,clear sky
278,Breves,BR,-1.68,-50.48,84.11,52,99,3.65,2020-11-01 22:42:24,overcast clouds
279,Ibanda,TZ,-2.8,32.47,69.19,78,94,3.4,2020-11-01 22:46:56,overcast clouds
280,Korla,CN,41.76,86.15,36.0,59,23,8.99,2020-11-01 22:46:57,few clouds
281,Luganville,VU,-15.53,167.17,82.4,78,75,11.41,2020-11-01 22:46:57,broken clouds
282,Nyurba,RU,63.28,118.33,0.79,92,47,8.86,2020-11-01 22:46:57,scattered clouds
283,Salalah,OM,17.02,54.09,75.2,53,0,4.7,2020-11-01 22:46:23,clear sky
284,Chicama,PE,-7.84,-79.15,64.92,73,94,7.29,2020-11-01 22:46:57,overcast clouds
285,Lethem,GY,3.38,-59.8,84.16,60,96,1.66,2020-11-01 22:46:58,overcast clouds
286,Vostochnyy,RU,55.82,37.87,41.0,93,90,13.42,2020-11-01 22:46:59,mist
287,Banda Aceh,ID,5.56,95.32,79.34,79,100,6.78,2020-11-01 22:46:59,moderate rain
288,Champerico,GT,14.3,-91.92,87.8,70,40,9.17,2020-11-01 22:42:23,scattered clouds
289,Dalbandin,PK,28.89,64.41,48.58,34,0,5.17,2020-11-01 22:44:14,clear sky
290,La Ronge,CA,55.1,-105.28,42.8,93,94,4.7,2020-11-01 22:47:00,overcast clouds
291,Bassano,CA,50.78,-112.47,66.2,48,19,9.17,2020-11-01 22:47:00,few clouds
292,Beaverlodge,CA,55.22,-119.44,55.4,50,75,17.22,2020-11-01 22:47:00,broken clouds
293,Kieta,PG,-6.22,155.63,86.13,59,20,3.04,2020-11-01 22:47:00,few clouds
294,Codrington,AU,-38.27,141.97,64.92,72,69,7.05,2020-11-01 22:42:20,broken clouds
295,Vardo,NO,70.37,31.11,41.0,93,75,13.87,2020-11-01 22:47:01,broken clouds
296,Eydhafushi,MV,5.1,73.07,82.35,69,62,4.72,2020-11-01 22:47:01,broken clouds
297,Ribeira Grande,PT,38.52,-28.7,64.44,73,100,16.93,2020-11-01 22:45:39,overcast clouds
298,Itabira,BR,-19.62,-43.23,66.2,77,40,11.41,2020-11-01 22:47:02,scattered clouds
299,Teguise,ES,29.06,-13.56,69.8,77,20,10.29,2020-11-01 22:47:02,few clouds
300,Pisco,PE,-13.7,-76.22,64.4,82,90,13.87,2020-11-01 22:47:02,overcast clouds
301,Corinto,GR,37.94,22.96,59.0,82,40,1.77,2020-11-01 22:43:25,scattered clouds
302,Carutapera,BR,-1.2,-46.02,78.82,80,99,6.2,2020-11-01 22:47:03,overcast clouds
303,State College,US,40.79,-77.86,46.4,84,40,21.92,2020-11-01 22:42:04,scattered clouds
304,Surt,LY,31.21,16.59,70.29,60,10,8.86,2020-11-01 22:47:03,clear sky
305,Palmas Bellas,PA,9.23,-80.09,81.0,89,100,8.99,2020-11-01 22:47:03,light rain
306,Provideniya,RU,64.38,-173.3,21.2,67,0,4.47,2020-11-01 22:46:00,clear sky
307,Waipawa,NZ,-41.41,175.52,57.2,87,100,12.75,2020-11-01 22:47:04,light rain
308,Lashio,MM,22.93,97.75,63.73,99,28,0.49,2020-11-01 22:47:04,scattered clouds
309,Fare,PF,-16.7,-151.02,80.83,78,12,22.26,2020-11-01 22:47:04,few clouds
310,Avera,US,33.19,-82.53,64.4,72,1,6.93,2020-11-01 22:47:04,clear sky
311,George,ZA,-33.96,22.46,57.2,100,0,3.36,2020-11-01 22:47:05,clear sky
312,Hofn,IS,64.25,-15.21,36.75,75,0,20.56,2020-11-01 22:47:05,clear sky
313,Grindavik,IS,63.84,-22.43,35.6,74,90,5.82,2020-11-01 22:47:05,overcast clouds
314,Dauriya,RU,49.93,116.87,15.62,87,4,12.66,2020-11-01 22:47:05,clear sky
315,Feicheng,CN,35.26,117.97,49.14,49,0,1.57,2020-11-01 22:47:06,clear sky
316,Kirakira,SB,-10.45,161.92,84.36,69,92,10.02,2020-11-01 22:47:06,light rain
317,Viedma,AR,-40.81,-63.0,73.99,39,0,1.01,2020-11-01 22:47:06,clear sky
318,Oga,IT,46.46,10.35,50.0,93,20,1.12,2020-11-01 22:47:06,few clouds
319,Nuuk,GL,64.18,-51.72,21.52,95,88,3.18,2020-11-01 22:44:01,overcast clouds
320,Gorom-Gorom,BF,14.44,-0.24,82.69,15,2,8.9,2020-11-01 22:47:07,clear sky
321,Alice Springs,AU,-23.7,133.88,75.2,19,0,3.36,2020-11-01 22:46:35,clear sky
322,Vostok,RU,46.49,135.88,29.16,99,71,3.47,2020-11-01 22:47:08,broken clouds
323,Malakwal,PK,32.55,73.21,62.73,27,0,2.44,2020-11-01 22:44:12,clear sky
324,Guerrero Negro,MX,27.98,-114.06,78.76,39,15,12.03,2020-11-01 22:47:08,few clouds
325,Babu,CN,24.42,111.52,63.3,78,90,7.72,2020-11-01 22:47:08,overcast clouds
326,Jalingo,NG,8.88,11.37,78.15,39,33,1.9,2020-11-01 22:47:08,scattered clouds
327,Klaksvik,FO,62.23,-6.59,42.8,93,89,8.05,2020-11-01 22:47:09,overcast clouds
328,Muravlenko,RU,63.79,74.52,23.9,97,91,18.57,2020-11-01 22:47:09,overcast clouds
329,Namibe,AO,-15.2,12.15,72.52,72,39,5.21,2020-11-01 22:42:53,scattered clouds
330,Labuan,MY,5.28,115.24,78.8,83,20,3.36,2020-11-01 22:47:09,few clouds
331,Waterboro,US,43.54,-70.72,46.0,93,90,3.36,2020-11-01 22:47:09,light rain
332,Yasnyy,RU,51.03,59.87,36.54,93,4,13.02,2020-11-01 22:47:10,clear sky
333,Mount Darwin,ZW,-16.77,31.58,69.04,63,0,10.02,2020-11-01 22:47:10,clear sky
334,Port Hardy,CA,50.7,-127.42,55.4,66,75,6.93,2020-11-01 22:45:05,broken clouds
335,Huilong,CN,31.81,121.66,63.0,94,100,7.27,2020-11-01 22:47:11,light rain
336,Methoni,GR,36.82,21.7,63.0,87,0,3.98,2020-11-01 22:47:11,clear sky
337,Nador,MA,35.17,-2.93,60.8,87,0,3.36,2020-11-01 22:47:11,clear sky
338,Nacala,MZ,-14.54,40.67,74.44,72,21,1.54,2020-11-01 22:47:11,few clouds
339,Tolaga Bay,NZ,-38.37,178.3,66.34,58,100,6.85,2020-11-01 22:47:12,overcast clouds
340,Owatonna,US,44.08,-93.23,35.6,47,1,13.87,2020-11-01 22:47:12,clear sky
341,Broken Hill,AU,-31.95,141.43,71.6,49,0,11.41,2020-11-01 22:47:12,clear sky
342,Acapulco,MX,16.86,-99.89,83.98,70,92,7.36,2020-11-01 22:42:21,overcast clouds
343,Talcahuano,CL,-36.72,-73.12,55.4,82,90,5.82,2020-11-01 22:43:37,overcast clouds
344,Anito,PH,12.45,125.29,78.3,85,98,3.09,2020-11-01 22:47:13,overcast clouds
345,Oranjestad,AW,12.52,-70.03,80.6,78,75,14.99,2020-11-01 22:43:00,broken clouds
346,Port Elizabeth,ZA,-33.92,25.57,64.4,88,0,10.29,2020-11-01 22:47:13,clear sky
347,Lompoc,US,34.64,-120.46,78.8,44,1,10.29,2020-11-01 22:44:10,clear sky
348,Norman Wells,CA,65.28,-126.83,6.8,71,20,12.75,2020-11-01 22:47:14,few clouds
349,Utrecht,NL,52.0,5.25,64.0,93,100,11.01,2020-11-01 22:44:19,light rain
350,Esperance,AU,-33.87,121.9,64.4,100,40,13.87,2020-11-01 22:47:14,scattered clouds
351,Wilmington,US,34.23,-77.94,68.0,77,1,9.17,2020-11-01 22:45:02,clear sky
352,Yeppoon,AU,-23.13,150.73,78.8,74,40,5.82,2020-11-01 22:42:16,scattered clouds
353,Maumere,ID,-8.62,122.21,81.99,71,94,4.59,2020-11-01 22:47:15,overcast clouds
354,Qasigiannguit,GL,68.82,-51.19,17.6,72,100,2.24,2020-11-01 22:47:15,light snow
355,Magole,TZ,-6.37,37.37,71.94,82,67,4.7,2020-11-01 22:47:15,broken clouds
356,Kanniyakumari,IN,8.08,77.57,79.36,77,5,9.33,2020-11-01 22:47:15,clear sky
357,Kautokeino,NO,69.01,23.04,38.5,94,100,21.34,2020-11-01 22:47:16,overcast clouds
358,La Asuncion,VE,11.03,-63.86,77.0,94,66,2.24,2020-11-01 22:47:16,light rain
359,Pak Phanang,TH,8.35,100.2,79.25,82,100,6.13,2020-11-01 22:47:16,light rain
360,Tezu,IN,27.92,96.17,69.48,73,40,2.19,2020-11-01 22:47:16,scattered clouds
361,Zeya,RU,53.75,127.27,17.94,87,100,9.35,2020-11-01 22:47:16,overcast clouds
362,Tambura,SS,5.6,27.47,70.52,93,100,1.74,2020-11-01 22:47:17,overcast clouds
363,Shieli,KZ,44.17,66.75,38.23,74,0,2.3,2020-11-01 22:46:55,clear sky
364,Stornoway,GB,58.21,-6.39,46.99,93,86,13.87,2020-11-01 22:47:17,overcast clouds
365,Saint-Francois,FR,46.42,3.91,64.4,72,75,5.82,2020-11-01 22:47:17,broken clouds
366,Fort Morgan,US,40.25,-103.8,62.6,21,1,6.93,2020-11-01 22:44:02,clear sky
367,Lieksa,FI,63.32,30.02,40.24,83,100,15.55,2020-11-01 22:47:11,overcast clouds
368,Correntina,BR,-13.34,-44.64,72.14,86,98,3.51,2020-11-01 22:47:18,overcast clouds
369,Belyy Yar,RU,53.6,91.39,21.2,100,58,2.24,2020-11-01 22:47:18,fog
370,Oslo,NO,59.91,10.75,51.01,97,100,5.99,2020-11-01 22:46:42,light rain
371,Aykhal,RU,66.0,111.5,5.0,84,90,6.71,2020-11-01 22:47:01,light snow
372,Kununurra,AU,-15.77,128.73,80.6,74,94,2.24,2020-11-01 22:47:19,overcast clouds
373,Bontang,ID,0.13,117.5,76.64,85,100,8.72,2020-11-01 22:46:58,overcast clouds
374,Dvinskoy,RU,62.15,45.12,27.66,97,0,3.02,2020-11-01 22:47:20,clear sky
375,Candido Mendes,BR,-1.45,-45.72,76.77,86,99,3.96,2020-11-01 22:47:20,overcast clouds
376,Ngawen,ID,-7.0,111.31,76.1,90,81,4.99,2020-11-01 22:47:20,broken clouds
377,Kita,ML,13.03,-9.49,77.18,29,26,2.62,2020-11-01 22:47:20,scattered clouds
378,Yerbogachen,RU,61.28,108.01,6.75,92,24,9.46,2020-11-01 22:46:55,few clouds
379,Kefamenanu,ID,-9.45,124.48,79.18,65,35,1.77,2020-11-01 22:47:21,scattered clouds
380,Mangrol,IN,21.12,70.12,78.26,34,54,11.72,2020-11-01 22:47:21,broken clouds
381,Leshukonskoye,RU,64.9,45.76,28.85,96,93,6.76,2020-11-01 22:47:21,overcast clouds
382,Tarbes,FR,43.25,0.17,53.6,87,0,6.93,2020-11-01 22:47:21,clear sky
383,Rovaniemi,FI,66.5,25.72,41.0,86,90,14.99,2020-11-01 22:47:21,overcast clouds
384,Tikrit,IQ,34.61,43.68,71.31,23,87,11.63,2020-11-01 22:47:22,overcast clouds
385,Rauma,FI,61.13,21.51,48.2,76,90,17.22,2020-11-01 22:47:22,overcast clouds
386,San Ignacio,BZ,17.16,-89.07,77.0,94,75,9.17,2020-11-01 22:43:12,shower rain
387,Murgab,TM,37.5,61.97,51.8,53,0,4.7,2020-11-01 22:47:22,clear sky
388,Camopi,GF,3.17,-52.32,77.34,82,56,3.65,2020-11-01 22:47:23,broken clouds
389,Tiznit,MA,29.58,-9.5,70.16,27,0,3.2,2020-11-01 22:47:23,clear sky
390,Vila Velha,BR,-20.33,-40.29,73.4,69,75,16.11,2020-11-01 22:47:23,broken clouds
391,Bandarbeyla,SO,9.49,50.81,76.68,77,0,18.54,2020-11-01 22:47:23,clear sky
392,Yairipok,IN,24.67,94.07,66.69,95,99,1.12,2020-11-01 22:47:24,overcast clouds
393,Kargat,RU,55.2,80.28,35.67,87,100,8.77,2020-11-01 22:47:24,overcast clouds
394,Wuzhou,CN,23.48,111.32,67.6,82,100,3.62,2020-11-01 22:47:24,overcast clouds
395,Jalu,LY,29.03,21.55,65.35,52,0,6.2,2020-11-01 22:45:18,clear sky
396,Diamantino,BR,-14.41,-56.45,80.89,59,84,3.74,2020-11-01 22:42:30,broken clouds
397,Mindelo,CV,16.89,-24.98,77.0,73,75,17.22,2020-11-01 22:47:25,broken clouds
398,Kyzyl-Suu,KG,42.34,78.01,36.41,58,0,8.66,2020-11-01 22:47:25,clear sky
399,Kochki,RU,54.34,80.48,34.45,90,100,9.06,2020-11-01 22:47:25,overcast clouds
400,Camacha,PT,33.08,-16.33,66.2,82,20,3.36,2020-11-01 22:47:25,few clouds
401,Christchurch,NZ,-43.53,172.63,57.2,71,100,6.93,2020-11-01 22:47:26,overcast clouds
402,Baracoa,CU,20.35,-74.5,79.29,82,89,8.86,2020-11-01 22:47:26,overcast clouds
403,Kantang,TH,7.41,99.52,76.41,90,100,2.93,2020-11-01 22:47:26,overcast clouds
404,Villa Carlos Paz,AR,-31.42,-64.5,73.4,25,0,17.22,2020-11-01 22:47:26,clear sky
405,Omboue,GA,-1.57,9.26,75.63,92,88,5.48,2020-11-01 22:47:26,moderate rain
406,Pahrump,US,36.21,-115.98,88.0,8,46,1.99,2020-11-01 22:47:26,scattered clouds
407,Contai,IN,21.78,87.75,75.43,92,100,6.17,2020-11-01 22:47:27,overcast clouds
408,Bay-Khaak,RU,51.17,94.5,22.86,92,21,1.83,2020-11-01 22:47:27,few clouds
409,Puerto Leguizamo,CO,-0.19,-74.78,74.89,94,94,0.22,2020-11-01 22:47:27,overcast clouds
410,Nanortalik,GL,60.14,-45.24,32.2,84,0,39.17,2020-11-01 22:47:28,clear sky
411,Gamba,GA,-2.65,10.0,76.41,91,100,4.0,2020-11-01 22:47:28,overcast clouds
412,Piacabucu,BR,-10.41,-36.43,78.62,80,24,14.88,2020-11-01 22:47:28,few clouds
413,Sabang,ID,5.89,95.32,81.66,78,100,10.56,2020-11-01 22:47:28,overcast clouds
414,Odweyne,SO,9.41,45.06,70.52,21,0,13.38,2020-11-01 22:47:28,clear sky
415,Villiers,ZA,-27.03,28.6,55.15,89,96,7.34,2020-11-01 22:47:28,light rain
416,North Platte,US,41.12,-100.77,57.2,30,1,9.17,2020-11-01 22:47:29,clear sky
417,Lagoa,PT,39.05,-27.98,63.28,72,95,16.55,2020-11-01 22:47:29,overcast clouds
418,Ndele,CF,8.41,20.65,72.7,84,99,3.65,2020-11-01 22:47:29,overcast clouds
419,Mahebourg,MU,-20.41,57.7,69.8,68,40,9.17,2020-11-01 22:46:43,scattered clouds
420,Pochutla,MX,15.74,-96.47,87.01,67,0,1.01,2020-11-01 22:47:29,clear sky
421,Srivardhan,IN,18.03,73.02,78.69,65,59,2.91,2020-11-01 22:47:30,broken clouds
422,Palatka,US,29.65,-81.64,72.0,96,33,3.0,2020-11-01 22:43:14,moderate rain
423,Komsomolets,KZ,53.75,62.07,27.88,97,0,3.62,2020-11-01 22:47:30,clear sky
424,Charters Towers,AU,-20.1,146.27,81.66,48,0,11.01,2020-11-01 22:47:30,clear sky
425,Port Augusta,AU,-32.5,137.77,75.2,44,14,8.05,2020-11-01 22:47:30,few clouds
426,Vila,PT,42.03,-8.16,60.01,94,100,11.99,2020-11-01 22:47:31,overcast clouds
427,Izberbash,RU,42.57,47.86,59.0,87,75,4.47,2020-11-01 22:47:31,broken clouds
428,Lahat,ID,-3.8,103.53,72.1,84,91,1.77,2020-11-01 22:47:31,overcast clouds
429,Wahiawa,US,21.5,-158.02,84.2,69,1,8.05,2020-11-01 22:47:31,clear sky
430,Eureka,US,40.8,-124.16,68.0,74,0,1.99,2020-11-01 22:47:32,clear sky
431,Tuatapere,NZ,-46.13,167.68,54.0,70,46,11.01,2020-11-01 22:47:32,scattered clouds
432,Mayya,RU,61.73,130.28,-22.0,74,90,2.24,2020-11-01 22:47:32,mist
433,Alta Floresta,BR,-9.88,-56.09,70.72,98,100,2.77,2020-11-01 22:47:32,moderate rain
434,Lazaro Cardenas,MX,17.96,-102.2,84.42,70,1,8.16,2020-11-01 22:47:33,clear sky
435,Samana,DO,19.21,-69.34,84.2,79,40,8.88,2020-11-01 22:47:33,scattered clouds
436,Lensk,RU,60.73,114.93,-1.66,89,0,4.25,2020-11-01 22:47:33,clear sky
437,Phan Thiet,VN,10.93,108.1,75.24,87,100,3.36,2020-11-01 22:47:33,overcast clouds
438,Gunjur,GM,13.2,-16.73,78.8,94,0,10.51,2020-11-01 22:47:33,clear sky
439,Paysandu,UY,-32.32,-58.08,59.67,65,0,9.17,2020-11-01 22:47:34,clear sky
440,Manolas,GR,38.05,21.35,57.2,93,0,3.51,2020-11-01 22:47:34,clear sky
441,Aripuana,BR,-9.17,-60.63,72.41,99,100,1.48,2020-11-01 22:47:34,moderate rain
442,Chapais,CA,49.78,-74.85,32.0,100,90,10.29,2020-11-01 22:47:34,light snow
443,Innisfail,AU,-17.53,146.03,81.63,60,0,5.46,2020-11-01 22:47:35,clear sky
444,Roma,US,43.21,-75.46,42.8,81,90,8.05,2020-11-01 22:47:22,overcast clouds
445,Weston,US,26.1,-80.4,82.99,83,1,10.29,2020-11-01 22:47:35,clear sky
446,Padre Bernardo,BR,-15.35,-48.5,71.4,85,79,0.87,2020-11-01 22:47:35,light rain
447,Rumuruti,KE,0.27,36.54,58.35,84,58,8.86,2020-11-01 22:47:36,broken clouds
448,Jodar,ES,37.84,-3.35,57.0,44,0,3.0,2020-11-01 22:47:36,clear sky
449,Rancho Palos Verdes,US,33.74,-118.39,79.0,68,75,10.29,2020-11-01 22:47:00,broken clouds
450,Acajutla,SV,13.59,-89.83,82.4,51,20,3.36,2020-11-01 22:47:36,few clouds
451,Nakambala,ZM,-15.83,27.78,70.14,54,0,8.19,2020-11-01 22:47:37,clear sky
452,Nueve De Julio,AR,-35.44,-60.88,61.65,67,2,6.96,2020-11-01 22:47:37,clear sky
453,Miranda,CO,3.25,-76.23,80.6,61,40,11.41,2020-11-01 22:47:38,scattered clouds
454,Ilulissat,GL,69.22,-51.1,17.6,72,100,2.24,2020-11-01 22:47:38,light snow
455,Ahuimanu,US,21.44,-157.84,84.2,65,20,8.05,2020-11-01 22:47:38,few clouds
456,Lisa,RO,43.8,25.13,39.2,86,5,4.7,2020-11-01 22:47:38,clear sky
457,Lindsay,US,36.2,-119.09,82.4,23,1,4.7,2020-11-01 22:47:38,clear sky
458,Kerouane,GN,9.27,-9.02,72.75,58,0,1.81,2020-11-01 22:47:39,clear sky
459,Pipri,IN,19.8,75.53,68.54,55,13,3.58,2020-11-01 22:47:39,few clouds
460,Augusto Correa,BR,-1.02,-46.63,78.42,82,100,5.08,2020-11-01 22:47:39,overcast clouds
461,Turka,UA,49.15,23.03,39.0,89,73,5.57,2020-11-01 22:47:39,broken clouds
462,Ixtapa,MX,20.7,-105.2,86.0,80,5,5.99,2020-11-01 22:47:39,light rain
463,Bamnet Narong,TH,15.5,101.69,71.04,91,13,5.59,2020-11-01 22:47:40,few clouds
464,Sable-Sur-Sarthe,FR,47.84,-0.33,64.4,82,20,12.75,2020-11-01 22:47:40,few clouds
465,Baghdad,IQ,33.34,44.4,71.6,35,0,11.41,2020-11-01 22:46:23,clear sky
466,Salas,ES,43.41,-6.26,62.6,88,20,3.36,2020-11-01 22:46:47,few clouds
467,Boston,US,42.36,-71.06,48.99,87,90,6.93,2020-11-01 22:47:07,moderate rain
468,Teya,RU,60.38,92.63,34.68,90,100,13.91,2020-11-01 22:47:41,overcast clouds
469,Siukh,RU,42.6,46.54,45.64,56,98,5.7,2020-11-01 22:47:41,overcast clouds
470,Baglung,NP,28.27,83.59,60.08,56,29,6.02,2020-11-01 22:47:41,scattered clouds
471,Bonthe,SL,7.53,-12.51,79.47,87,0,5.53,2020-11-01 22:47:41,clear sky
472,Rantepao,ID,-2.97,119.9,69.46,88,100,1.16,2020-11-01 22:47:42,light rain
473,Najran,SA,17.49,44.13,62.6,29,0,1.07,2020-11-01 22:47:42,clear sky
474,Rameswaram,IN,9.28,79.3,81.7,74,2,5.99,2020-11-01 22:47:42,clear sky
475,Sioux Lookout,CA,50.1,-91.92,24.8,49,75,8.05,2020-11-01 22:47:43,broken clouds
476,Grunberg,DE,50.59,8.96,57.99,97,100,11.01,2020-11-01 22:47:43,overcast clouds
477,Tiarei,PF,-17.53,-149.33,82.4,69,75,10.29,2020-11-01 22:47:43,broken clouds
478,Darhan,MN,49.49,105.92,18.97,79,0,4.83,2020-11-01 22:47:43,clear sky
479,Piopio,NZ,-38.47,175.02,72.0,53,100,3.0,2020-11-01 22:47:43,overcast clouds
480,Lyngseidet,NO,69.58,20.22,35.6,80,0,26.4,2020-11-01 22:47:44,clear sky
481,Tual,ID,-5.67,132.75,83.37,71,95,14.29,2020-11-01 22:47:44,overcast clouds
482,Udachnyy,RU,66.42,112.4,5.0,84,90,6.71,2020-11-01 22:47:44,light snow
483,Pangkalanbuun,ID,-2.68,111.62,75.7,94,89,1.63,2020-11-01 22:46:29,overcast clouds
484,Punta Cardon,VE,11.66,-70.22,84.6,72,80,9.24,2020-11-01 22:47:44,broken clouds
485,Noyabrsk,RU,63.2,75.45,25.61,98,88,15.79,2020-11-01 22:47:45,overcast clouds
486,Sao Joao Da Barra,BR,-21.64,-41.05,69.21,77,96,16.69,2020-11-01 22:47:45,overcast clouds
487,Nizhniy Kuranakh,RU,58.84,125.49,-10.43,88,100,0.98,2020-11-01 22:47:45,overcast clouds
488,Mayumba,GA,-3.43,10.66,76.89,89,100,2.59,2020-11-01 22:47:45,overcast clouds
489,Williams Lake,CA,52.14,-122.14,42.8,65,75,9.17,2020-11-01 22:45:06,broken clouds
490,Harbin,CN,45.75,126.65,33.01,85,0,8.95,2020-11-01 22:47:46,clear sky
491,Itarema,BR,-2.92,-39.92,79.92,80,1,15.77,2020-11-01 22:47:46,clear sky
492,Moranbah,AU,-22.0,148.05,82.92,47,0,16.73,2020-11-01 22:47:46,clear sky
493,Vikindu,TZ,-7.01,39.3,72.68,89,17,2.46,2020-11-01 22:47:46,few clouds
494,Bud,US,39.45,-86.18,39.2,48,90,12.75,2020-11-01 22:47:46,overcast clouds
495,Cam Ranh,VN,11.92,109.16,80.6,78,40,11.41,2020-11-01 22:47:47,scattered clouds
496,Srednekolymsk,RU,67.45,153.68,-3.5,91,100,7.38,2020-11-01 22:42:58,overcast clouds
497,Vestmannaeyjar,IS,63.44,-20.27,39.27,73,0,17.54,2020-11-01 22:46:38,clear sky
498,Tayu,ID,-6.54,111.05,76.96,85,99,7.47,2020-11-01 22:47:47,overcast clouds
499,Polovinnoye,RU,54.79,65.99,31.51,95,59,4.09,2020-11-01 22:47:47,broken clouds
500,Qinzhou,CN,21.95,108.62,70.05,79,96,9.31,2020-11-01 22:47:48,overcast clouds
501,Byron Bay,AU,-28.65,153.62,75.99,64,40,17.22,2020-11-01 22:47:48,scattered clouds
502,Seoul,KR,37.57,126.98,42.8,100,1,2.84,2020-11-01 22:45:25,mist
503,Muros,ES,42.78,-9.06,66.99,90,100,21.99,2020-11-01 22:47:49,overcast clouds
504,Aizpute,LV,56.72,21.6,46.4,81,84,11.41,2020-11-01 22:47:49,broken clouds
505,Kokoda,PG,-8.88,147.74,85.24,52,59,3.56,2020-11-01 22:47:49,broken clouds
506,Zhuji,CN,29.72,120.24,60.8,93,75,4.47,2020-11-01 22:47:49,mist
507,Nargana,PA,9.44,-78.59,79.88,81,99,18.57,2020-11-01 22:47:49,overcast clouds
508,Gisborne,NZ,-38.65,178.0,64.99,63,100,4.0,2020-11-01 22:47:16,overcast clouds
509,Port Blair,IN,11.67,92.75,79.63,79,49,3.65,2020-11-01 22:47:50,scattered clouds
510,Porto Velho,BR,-8.76,-63.9,80.6,78,75,2.84,2020-11-01 22:47:50,broken clouds
511,Ust-Ishim,RU,57.69,71.17,31.89,96,100,7.27,2020-11-01 22:47:50,overcast clouds
512,Weatherford,US,32.76,-97.8,71.6,28,1,5.82,2020-11-01 22:45:37,clear sky
513,Mugur-Aksy,RU,50.35,90.5,20.07,83,70,4.7,2020-11-01 22:46:51,broken clouds
514,Dong Hoi,VN,17.48,106.6,74.19,88,72,9.73,2020-11-01 22:45:07,light rain
515,Lattes,FR,43.57,3.9,53.6,93,90,2.24,2020-11-01 22:47:51,overcast clouds
516,Padang,ID,-0.95,100.35,77.63,72,99,2.8,2020-11-01 22:47:51,overcast clouds
517,Kudahuvadhoo,MV,2.67,72.89,82.26,72,17,5.68,2020-11-01 22:42:59,few clouds
518,Chumikan,RU,54.72,135.31,18.88,96,100,10.22,2020-11-01 22:47:52,light snow
519,Oriximina,BR,-1.77,-55.87,86.18,48,24,1.5,2020-11-01 22:47:52,few clouds
520,Kuryk,KZ,43.2,51.65,59.85,33,0,7.9,2020-11-01 22:47:52,clear sky
521,Onokhoy,RU,51.93,108.07,8.6,84,20,2.24,2020-11-01 22:47:53,few clouds
522,Umm Lajj,SA,25.02,37.27,77.83,65,3,3.85,2020-11-01 22:47:53,clear sky
523,Calama,CL,-22.47,-68.93,69.8,11,0,25.28,2020-11-01 22:45:22,clear sky
524,Tommot,RU,58.96,126.29,-10.57,88,99,1.12,2020-11-01 22:47:53,overcast clouds
525,Berdigestyakh,RU,62.1,126.7,-6.59,91,90,3.15,2020-11-01 22:47:53,overcast clouds
526,Sisimiut,GL,66.94,-53.67,28.63,93,100,9.89,2020-11-01 22:47:53,overcast clouds
527,Pushkinskiye Gory,RU,57.02,28.91,35.11,94,6,4.63,2020-11-01 22:47:54,clear sky
528,Okha,RU,53.57,142.95,42.15,97,100,13.0,2020-11-01 22:47:54,moderate rain
529,Maraa,BR,-1.83,-65.37,76.26,83,10,2.21,2020-11-01 22:47:54,clear sky
530,Pingliang,CN,35.54,106.69,36.77,67,0,1.43,2020-11-01 22:47:23,clear sky
531,Lingao,CN,19.91,109.69,70.48,86,97,2.28,2020-11-01 22:47:55,overcast clouds
532,Jishu,CN,44.32,126.8,29.7,83,0,8.93,2020-11-01 22:47:55,clear sky
533,Talnakh,RU,69.49,88.4,21.2,85,100,13.42,2020-11-01 22:45:50,light snow
534,Minsk,BY,53.9,27.57,41.0,93,75,4.47,2020-11-01 22:47:55,broken clouds
535,Tarpon Springs,US,28.15,-82.76,78.01,83,6,6.93,2020-11-01 22:47:56,clear sky
536,Kichera,RU,55.94,110.1,10.96,74,0,4.29,2020-11-01 22:47:56,clear sky
537,Srandakan,ID,-7.94,110.25,76.98,84,74,4.59,2020-11-01 22:47:56,moderate rain
538,Mecca,SA,21.43,39.83,78.28,54,0,1.74,2020-11-01 22:47:56,clear sky
539,Mawlaik,MM,23.63,94.42,73.4,95,80,0.98,2020-11-01 22:47:57,broken clouds
540,Fuling,CN,29.7,107.39,56.55,89,100,2.62,2020-11-01 22:47:57,overcast clouds
541,Carora,VE,10.18,-70.08,79.81,73,61,1.57,2020-11-01 22:47:57,broken clouds
542,Port Moresby,PG,-9.44,147.18,86.0,74,20,3.36,2020-11-01 22:47:15,haze
543,Biak,ID,-0.91,122.88,80.08,73,100,5.97,2020-11-01 22:47:57,overcast clouds
544,Nchelenge,ZM,-9.35,28.73,74.3,60,31,0.67,2020-11-01 22:47:58,scattered clouds
545,Pangnirtung,CA,66.15,-65.71,9.84,85,89,3.56,2020-11-01 22:46:10,overcast clouds
546,Miraflores,MX,19.22,-98.81,69.8,40,20,20.8,2020-11-01 22:47:58,few clouds
547,Karasburg,NA,-28.02,18.75,71.08,21,0,13.8,2020-11-01 22:47:58,clear sky
548,Yanji,CN,42.91,129.51,33.76,76,0,7.4,2020-11-01 22:47:59,clear sky
549,Lifford,IE,54.83,-7.48,42.69,92,87,6.73,2020-11-01 22:46:57,moderate rain
550,Goderich,CA,43.75,-81.72,37.4,78,100,27.51,2020-11-01 22:47:59,overcast clouds
551,Hillsborough,US,37.57,-122.38,78.01,60,75,7.9,2020-11-01 22:45:00,broken clouds
552,Poronaysk,RU,49.22,143.12,48.42,95,100,16.22,2020-11-01 22:47:59,moderate rain
553,Diego De Almagro,CL,-26.37,-70.05,64.26,29,0,5.79,2020-11-01 22:48:00,clear sky
554,Seddon,AU,-37.81,144.89,62.01,93,90,5.82,2020-11-01 22:48:00,overcast clouds
555,Salitral,PE,-4.86,-80.68,71.64,61,87,17.02,2020-11-01 22:48:00,overcast clouds
556,Ghorawal,IN,24.77,82.78,65.35,36,0,4.94,2020-11-01 22:48:01,clear sky
557,Vagay,RU,57.94,69.02,30.51,97,98,6.96,2020-11-01 22:48:01,overcast clouds
558,Beaupre,CA,47.04,-70.9,44.01,83,97,1.12,2020-11-01 22:48:01,overcast clouds
559,Namatanai,PG,-3.67,152.43,85.62,69,73,3.85,2020-11-01 22:48:01,broken clouds
560,Dicabisagan,PH,17.08,122.42,79.03,85,100,3.71,2020-11-01 22:48:02,overcast clouds
561,Sambava,MG,-14.27,50.17,70.07,73,69,10.69,2020-11-01 22:48:02,broken clouds
562,Fort Frances,CA,48.6,-93.4,30.2,39,1,8.05,2020-11-01 22:44:33,clear sky
563,Comodoro Rivadavia,AR,-45.87,-67.5,77.0,44,0,2.24,2020-11-01 22:48:02,clear sky
564,Trincomalee,LK,8.57,81.23,78.39,76,20,4.92,2020-11-01 22:48:03,few clouds
565,Nevsehir,TR,38.92,34.67,44.6,65,40,1.12,2020-11-01 22:44:46,scattered clouds
566,Wetaskiwin,CA,52.97,-113.37,64.4,31,28,6.08,2020-11-01 22:45:05,scattered clouds
567,Goba,ET,7.02,39.98,47.79,88,57,2.62,2020-11-01 22:48:04,broken clouds
568,Oktyabrskiy,RU,54.48,53.47,31.26,97,0,3.8,2020-11-01 22:48:04,clear sky
569,Loandjili,CG,-4.76,11.86,78.8,88,75,5.82,2020-11-01 22:48:04,broken clouds
570,Porto Novo,BJ,6.5,2.6,79.23,88,22,7.94,2020-11-01 22:48:04,few clouds
571,Purranque,CL,-40.92,-73.17,73.4,60,0,11.41,2020-11-01 22:48:05,clear sky
572,Gallup,US,35.53,-108.74,71.6,17,1,9.17,2020-11-01 22:48:05,clear sky
573,Prievidza,SK,48.77,18.63,46.0,100,100,2.28,2020-11-01 22:48:05,overcast clouds
574,Hualmay,PE,-11.1,-77.61,63.97,78,82,8.43,2020-11-01 22:48:05,broken clouds
575,Hasaki,JP,35.73,140.83,55.4,93,75,1.12,2020-11-01 22:48:05,fog
576,Pundaguitan,PH,6.37,126.17,83.12,71,100,3.06,2020-11-01 22:48:06,overcast clouds
577,Huaraz,PE,-9.53,-77.53,56.84,47,98,5.28,2020-11-01 22:48:06,overcast clouds
578,Bilibino,RU,68.05,166.44,8.46,92,96,1.21,2020-11-01 22:48:06,overcast clouds
579,Kuytun,RU,54.34,101.5,16.97,91,59,8.3,2020-11-01 22:48:06,broken clouds
580,Englewood,US,39.65,-104.99,66.99,25,0,8.37,2020-11-01 22:46:50,clear sky
581,Atasu,KZ,48.68,71.64,35.91,68,72,4.27,2020-11-01 22:48:07,broken clouds
